{
  "train_loss": [
    104.80329865531701,
    934.6465324955863,
    112.94350470854576,
    189.89646570416852,
    282.76107615368477,
    416.01366816956,
    1203.906501956804,
    3415.4639557337027,
    3679.3444769743473,
    19725.700722431382,
    11760.440766392203,
    46171.90894402859,
    108917.89908284953,
    6794.780691820639,
    109375.73067525789,
    127196.71001494444,
    62017.49434283103,
    281550.9323173741,
    197662.00856862488,
    703137.6269074546
  ],
  "val_loss": [
    54.384884488546916,
    54.027398630535444,
    51.361656166119815,
    49.43484307202714,
    47.659359496515265,
    46.26834869130932,
    44.61673192099006,
    43.73650261366117,
    42.21594191745074,
    41.32995003882911,
    40.54496189272693,
    39.75049930101648,
    39.32344354699532,
    38.872414150536294,
    38.01336557558162,
    37.59048612014383,
    37.48678625588461,
    37.20191195249901,
    37.08814891600696,
    37.10431236833139
  ],
  "train_mse": [
    104.80310894914327,
    102.98614860587763,
    95.08814245721051,
    93.87411795086336,
    89.85346479508704,
    88.85872086958528,
    82.90711386610242,
    78.36620598549052,
    80.06538637825312,
    76.0206449560863,
    76.14862664751261,
    74.89528327038856,
    71.7672940623153,
    70.37041400039278,
    70.30399321811704,
    70.74910041247882,
    68.32927237308746,
    70.99174668485028,
    69.92367648456988,
    69.24579254116756
  ],
  "val_mse": [
    54.384884488546916,
    54.027398630535444,
    51.361656084893035,
    49.434842936649176,
    47.6590996909673,
    46.26826155697333,
    44.61670094820352,
    43.736417713061634,
    42.21496111085148,
    41.32918466426481,
    40.54350304452863,
    39.74963313417159,
    39.3221426527318,
    38.8710475251933,
    38.01107891480859,
    37.58872814248271,
    37.48545587799218,
    37.20038726491887,
    37.08712243288177,
    37.1032526431465
  ],
  "train_physics": [
    823576.4364850161,
    41582.995185290405,
    446.373708897653,
    1600.3666930449263,
    2411.341680023517,
    3271.5466100372546,
    9341.65930821153,
    23836.410370839432,
    22495.4932581943,
    109164.88461152349,
    58421.45824924258,
    230485.06093756674,
    544230.6484635067,
    33622.04893476688,
    546527.1268777655,
    635629.8122203423,
    309745.8175051729,
    1407399.6169206107,
    987960.4117328681,
    3515341.881737918
  ],
  "val_physics": [
    576156.3662630309,
    0.0,
    3.000810419771578e-06,
    2.2427059325805276e-06,
    0.003245434495224331,
    0.0008686507977530802,
    0.00025840412327614656,
    0.0006072393409268275,
    0.0061301490681544835,
    0.004252216600941768,
    0.007294641592635593,
    0.0043308931191437285,
    0.006504043326520518,
    0.006832203227608117,
    0.011433840145011878,
    0.008790692483170295,
    0.006651632647246232,
    0.007622645246880281,
    0.005132709404310482,
    0.005298344508884315
  ],
  "learning_rate": [
    9.939057285945933e-05,
    9.757729755661011e-05,
    9.460482294732421e-05,
    9.05463412215599e-05,
    8.55017856687341e-05,
    7.959536998847742e-05,
    7.297252973710757e-05,
    6.57963412215599e-05,
    5.8243506019491436e-05,
    5.05e-05,
    4.2756493980508586e-05,
    3.5203658778440106e-05,
    2.8027470262892437e-05,
    2.1404630011522586e-05,
    1.54982143312659e-05,
    1.0453658778440109e-05,
    6.395177052675795e-06,
    3.4227024433899006e-06,
    1.609427140540686e-06,
    0.0001
  ],
  "expert_usage": [
    [
      0.09513826668262482,
      0.14985212683677673,
      0.078752301633358,
      0.13402529060840607,
      0.43229660391807556,
      0.10993537306785583
    ],
    [
      0.055966567248106,
      0.044243764132261276,
      0.07926208525896072,
      0.09906825423240662,
      0.6639143228530884,
      0.05754480138421059
    ],
    [
      0.06608501076698303,
      0.06394209712743759,
      0.082322858273983,
      0.08967196941375732,
      0.6196900606155396,
      0.07828787714242935
    ],
    [
      0.07469415664672852,
      0.07247346639633179,
      0.08919926732778549,
      0.08841408789157867,
      0.5821269154548645,
      0.09309227019548416
    ],
    [
      0.0881069153547287,
      0.08589707314968109,
      0.07943062484264374,
      0.10707645118236542,
      0.540307343006134,
      0.09918135404586792
    ],
    [
      0.09285037219524384,
      0.08337477594614029,
      0.0883086621761322,
      0.08477052301168442,
      0.5425232648849487,
      0.1081724539399147
    ],
    [
      0.10099442303180695,
      0.07809337228536606,
      0.07743286341428757,
      0.08365757763385773,
      0.5489738583564758,
      0.11084835976362228
    ],
    [
      0.10662016272544861,
      0.07943807542324066,
      0.06449496746063232,
      0.07218119502067566,
      0.5760575532913208,
      0.10120794177055359
    ],
    [
      0.11424784362316132,
      0.08237607032060623,
      0.06171996891498566,
      0.07035389542579651,
      0.5630032420158386,
      0.10829904675483704
    ],
    [
      0.1221286952495575,
      0.07914825528860092,
      0.0683126226067543,
      0.08050417900085449,
      0.5376063585281372,
      0.11229977756738663
    ],
    [
      0.12405406683683395,
      0.07223095744848251,
      0.0654388889670372,
      0.07830402255058289,
      0.5424032211303711,
      0.1175684928894043
    ],
    [
      0.12449529767036438,
      0.06828774511814117,
      0.06740597635507584,
      0.0774608701467514,
      0.5479629039764404,
      0.11438708007335663
    ],
    [
      0.1377372145652771,
      0.06472500413656235,
      0.06229647621512413,
      0.08228899538516998,
      0.5373133420944214,
      0.11563917994499207
    ],
    [
      0.14211900532245636,
      0.06562346965074539,
      0.060531601309776306,
      0.07734052836894989,
      0.5420554280281067,
      0.11233014613389969
    ],
    [
      0.14147022366523743,
      0.06381573528051376,
      0.061319150030612946,
      0.07603241503238678,
      0.5373532772064209,
      0.12000887095928192
    ],
    [
      0.14901547133922577,
      0.06335427612066269,
      0.06490255892276764,
      0.07594546675682068,
      0.5203136205673218,
      0.12646861374378204
    ],
    [
      0.15698273479938507,
      0.06339326500892639,
      0.06408872455358505,
      0.0721578523516655,
      0.5196675062179565,
      0.12370985001325607
    ],
    [
      0.1555897444486618,
      0.06448253244161606,
      0.06246039271354675,
      0.07344814389944077,
      0.5184559226036072,
      0.12556317448616028
    ],
    [
      0.15520016849040985,
      0.06333759427070618,
      0.061607301235198975,
      0.07076426595449448,
      0.5241314768791199,
      0.12495913356542587
    ],
    [
      0.15678541362285614,
      0.06427367776632309,
      0.06285332143306732,
      0.07041887938976288,
      0.5193961262702942,
      0.12627245485782623
    ]
  ],
  "constraint_satisfaction": [
    0.913509050805269,
    1.0,
    0.9997412295294074,
    0.999889098369746,
    0.9934198366049314,
    0.9926804924032383,
    0.9948615577982329,
    0.9947383337646174,
    0.983512624302244,
    0.984251968503937,
    0.9843259029241063,
    0.9811713676635491,
    0.9823173511761734,
    0.976612078419775,
    0.9707589368230379,
    0.9739134720835951,
    0.9753059036634505,
    0.9728414229911402,
    0.9766736904365827,
    0.976833881680283
  ]
}