{
  "train_loss": [
    72.17899332046508,
    63.326485228538516,
    52.82421531677246,
    50.43820910453796,
    54.29148559570312,
    58.07024178504944,
    49.29731769561768,
    47.41611869335175,
    45.59760732650757,
    45.2987720489502,
    50.08071813583374,
    42.60452809333801,
    47.27731904983521,
    43.541656136512756,
    42.513279461860655,
    39.31286334991455,
    39.471813440322876,
    39.84576332569122,
    40.33073087930679,
    37.87210620641709,
    39.65535812973976,
    39.735308504104616,
    38.75695497989655,
    33.38180046081543,
    36.13596200942993,
    37.15503726005554,
    33.87687376737595,
    36.051128673553464,
    40.0657422542572,
    36.38347235918045,
    33.62419815063477,
    33.343460178375246,
    37.08531806468964,
    37.32691881656647,
    37.34392764568329,
    33.01276857852936,
    39.56325294971466,
    33.75707601308822,
    35.38512523174286,
    34.41019002199173,
    37.920097374916075,
    32.02060351967812,
    33.9483140707016,
    30.73907940387726,
    28.86447956562042,
    29.534297704696655,
    31.78229182958603,
    30.70344498157501,
    29.32879580259323,
    32.240955060720445,
    31.21823614835739,
    29.76906946897507,
    30.005688667297363,
    28.115880918502807,
    32.42926620841026,
    34.17481254339218,
    29.097163105010985,
    31.95983741283417,
    29.029415011405945,
    28.025588977336884,
    27.410246968269348,
    29.129078650474547,
    26.7242859095335,
    27.3769267141819,
    30.040458011627198,
    26.726934334635736,
    26.63117727637291
  ],
  "train_mse": [
    72.15972385406494,
    63.224954795837405,
    52.63591079711914,
    50.27714514732361,
    54.143492698669434,
    57.92731966972351,
    49.156432437896726,
    47.30761864185333,
    45.49793891906738,
    45.20402536392212,
    49.99371099472046,
    42.51998448371887,
    47.204788994789126,
    43.474165773391725,
    42.450855779647824,
    39.25636696815491,
    39.42459290027618,
    39.78542692661286,
    40.27509137392044,
    37.82673490047455,
    39.603711020946506,
    39.688314247131345,
    38.701798057556154,
    33.32399086952209,
    36.09373815059662,
    37.09745080471039,
    33.834213209152225,
    36.00961136817932,
    40.01394478082657,
    36.339711213111876,
    33.590138119459155,
    33.31010544300079,
    37.04933779239654,
    37.28403766155243,
    37.29783930778503,
    32.98220283985138,
    39.51668510437012,
    33.723431408405304,
    35.36083642244339,
    34.389767283201216,
    37.89587174654007,
    31.988560116291048,
    33.921569395065305,
    30.723047888278963,
    28.83880203962326,
    29.507060515880585,
    31.749206614494323,
    30.667043614387513,
    29.298487758636476,
    32.22420055270195,
    31.190799725055694,
    29.742037427425384,
    29.983744192123414,
    28.091582787036895,
    32.405020493268964,
    34.158903759717944,
    29.07054433822632,
    31.93679186105728,
    28.994189286231993,
    27.99968139529228,
    27.39373160600662,
    29.101350259780883,
    26.698826915025712,
    27.353361308574677,
    30.01451490521431,
    26.700755262374877,
    26.611251229047774
  ],
  "train_physics": [
    0.19269345002248883,
    1.0153037011623383,
    1.8830469071865081,
    1.6106387853622437,
    1.4799316346645355,
    1.4292169272899629,
    1.4088584780693054,
    1.0849973991513253,
    0.9966811269521714,
    0.9474664092063904,
    0.8700741231441498,
    0.8454356700181961,
    0.7253022253513336,
    0.6749058738350868,
    0.6242400139570237,
    0.5649630665779114,
    0.4722084864974022,
    0.6033677823841572,
    0.5563932597637177,
    0.4537153519690037,
    0.5164678707718849,
    0.46994651257991793,
    0.5515746518969535,
    0.5780951358377934,
    0.4222401663661003,
    0.5758702628314495,
    0.4266039043664932,
    0.41516917175613344,
    0.5179767608642578,
    0.43761973083019257,
    0.34060187861323354,
    0.33355142893269657,
    0.3597994655370712,
    0.42880712300539015,
    0.4608830977231264,
    0.30565842650830743,
    0.46567955166101455,
    0.33644443191587925,
    0.2428856178186834,
    0.2042262119241059,
    0.2422572610899806,
    0.3204330313950777,
    0.26745034120976924,
    0.16031218345742673,
    0.2567736143246293,
    0.2723702508956194,
    0.33085417523980143,
    0.36401452161371706,
    0.3030786393210292,
    0.16754642147570847,
    0.27436454892158507,
    0.2703189246356487,
    0.21944321356713772,
    0.24298026338219642,
    0.2424564345739782,
    0.15908553500194103,
    0.2661881159991026,
    0.23045549439266325,
    0.3522595506161451,
    0.25907815302489323,
    0.16515324879437684,
    0.27728568613529203,
    0.2545883387327194,
    0.2356540871085599,
    0.25943079255521295,
    0.26179144233465196,
    0.1992590157315135
  ],
  "train_mape": [
    70.12479228973389,
    78.6712760925293,
    111.60537796020508,
    125.96350860595703,
    121.77397270202637,
    132.99610977172853,
    141.05847244262696,
    120.65676155090333,
    109.46964626312256,
    112.68819808959961,
    106.34425888061523,
    108.63693714141846,
    103.19588813781738,
    96.38893947601318,
    88.03359603881836,
    80.30103988647461,
    94.68970890045166,
    75.45512495040893,
    85.1666579246521,
    87.5359881401062,
    86.2284969329834,
    72.93084602355957,
    89.36597633361816,
    71.02535591125488,
    57.20939702987671,
    78.27037725448608,
    76.72077703475952,
    78.93445339202881,
    74.82774686813354,
    75.13987712860107,
    73.07736406326293,
    54.38472833633423,
    80.89867362976074,
    65.88585796356202,
    90.05933990478516,
    88.49702644348145,
    74.32361240386963,
    80.93021268844605,
    69.86350307464599,
    72.4452117919922,
    64.67893028259277,
    80.24554147720337,
    71.97234086990356,
    64.35208091735839,
    68.26319437026977,
    63.18921527862549,
    58.8131664276123,
    64.59321155548096,
    67.15838432312012,
    54.047031497955324,
    60.67324552536011,
    68.99691343307495,
    67.83039045333862,
    62.03686647415161,
    64.328848361969,
    59.34251384735107,
    69.85262079238892,
    67.85559206008911,
    70.79214925765991,
    63.35676651000976,
    58.95005226135254,
    61.567541694641115,
    63.71273164749145,
    60.61834802627563,
    62.43052225112915,
    65.23870296478272,
    64.58102045059204
  ],
  "val_loss": [
    101.7071434020996,
    83.41083984375,
    78.25162124633789,
    76.88232536315918,
    76.96829833984376,
    76.51107559204101,
    76.31878204345703,
    73.0365592956543,
    73.39149589538575,
    73.08602104187011,
    72.65645790100098,
    72.0831413269043,
    77.25269794464111,
    69.4697364807129,
    68.56098823547363,
    64.68585319519043,
    70.65083594322205,
    73.55256423950195,
    65.93534317016602,
    65.96756362915039,
    67.67279834747315,
    63.83244400024414,
    58.07736949920654,
    58.790033435821535,
    70.94343767166137,
    59.29131813049317,
    73.33816545009613,
    63.03452110290527,
    58.57898445129395,
    57.25803442001343,
    58.80859987735748,
    51.959966802597044,
    58.05343742370606,
    62.27926368713379,
    64.63651275634766,
    55.471414184570314,
    58.62838134765625,
    56.35445499420166,
    55.336900329589845,
    58.49395837783813,
    62.28093223571777,
    67.85623817443847,
    55.02621078491211,
    52.28983795642853,
    60.53298771381378,
    56.509772944450376,
    50.100140070915224,
    50.21626188755035,
    64.1330236196518,
    54.97290480136871,
    51.11465058326721,
    62.48885760307312,
    52.742121410369876,
    77.9193362236023,
    51.74079146385193,
    67.19063930511474,
    60.97769162654877,
    52.346161460876466,
    60.38803014755249,
    54.30744478702545,
    61.12217172384262,
    51.30174486637115,
    56.683665251731874,
    60.157093739509584,
    61.393689966201784,
    53.32073596715927,
    50.207726860046385
  ],